Regio's,Perioden,Beginstand voorraad,Nieuwbouw,Eindstand voorraad
Aa en Hunze,2012,12414,14,11214
Aa en Hunze,2016,11131,19,11145
Aa en Hunze,2020,11179,14,11207
Aa en Hunze,2024,11500,60,11555
Aalburg,2012,4769,43,4857
Aalburg,2016,5031,53,5071
Aalburg,2020,,,
Aalburg,2024,,,
Aalsmeer,2012,12267,49,12354
Aalsmeer,2016,12893,32,12919
Aalsmeer,2020,13217,73,13284
Aalsmeer,2024,13698,31,13731
Aalten,2012,11504,23,11451
Aalten,2016,11811,41,11872
Aalten,2020,11976,49,12028
Aalten,2024,12212,112,12346
Achtkarspelen,2012,11663,52,11711
Achtkarspelen,2016,11946,80,12028
Achtkarspelen,2020,12129,67,12181
Achtkarspelen,2024,12376,60,12416
Alblasserdam,2012,8083,26,8111
Alblasserdam,2016,8220,38,8252
Alblasserdam,2020,8353,54,8408
Alblasserdam,2024,8473,8,8493
Albrandswaard,2012,9822,33,10059
Albrandswaard,2016,10208,65,10286
Albrandswaard,2020,10517,61,10573
Albrandswaard,2024,10763,74,10797
Alkmaar,2012,43703,134,44049
Alkmaar,2016,50346,127,50513
Alkmaar,2020,51339,244,51656
Alkmaar,2024,53936,809,54739
Almelo,2012,31995,54,32117
Almelo,2016,32417,239,32859
Almelo,2020,33549,256,33827
Almelo,2024,34496,175,34709
Almere,2012,76755,573,77609
Almere,2016,79721,792,80582
Almere,2020,85977,1335,87259
Almere,2024,92353,1552,94045
Alphen aan den Rijn,2012,31005,116,31280
Alphen aan den Rijn,2016,45968,634,46723
Alphen aan den Rijn,2020,48178,644,48893
Alphen aan den Rijn,2024,50799,341,51069
Alphen-Chaam,2012,3936,52,3984
Alphen-Chaam,2016,4214,37,4254
Alphen-Chaam,2020,4371,60,4432
Alphen-Chaam,2024,4580,39,4619
Altena,2012,,,
Altena,2016,,,
Altena,2020,22399,194,22587
Altena,2024,23370,269,23642
Ameland,2012,1547,8,1568
Ameland,2016,1674,6,1686
Ameland,2020,1737,12,1753
Ameland,2024,1891,13,1913
Amersfoort,2012,63442,463,63856
Amersfoort,2016,65289,594,66034
Amersfoort,2020,67722,874,68809
Amersfoort,2024,71416,830,72367
Amstelveen,2012,41304,625,41616
Amstelveen,2016,43045,395,41649
Amstelveen,2020,42310,73,42251
Amstelveen,2024,42918,640,43578
Amsterdam,2012,408888,2829,411127
Amsterdam,2016,424390,5157,428035
Amsterdam,2020,447351,2560,449989
Amsterdam,2024,480852,5770,486769
Apeldoorn,2012,67968,474,68319
Apeldoorn,2016,70615,351,71050
Apeldoorn,2020,73244,827,74184
Apeldoorn,2024,75659,309,75994
Appingedam,2012,5732,55,5785
Appingedam,2016,5881,18,5899
Appingedam,2020,6042,140,6023
Appingedam,2024,,,
Arnhem,2012,69605,597,70571
Arnhem,2016,72711,665,73640
Arnhem,2020,76737,909,77839
Arnhem,2024,80665,789,81530
Assen,2012,29854,229,30183
Assen,2016,30691,240,30995
Assen,2020,32154,369,32538
Assen,2024,33215,308,33401
Asten,2012,6337,13,6464
Asten,2016,6717,50,6768
Asten,2020,6899,132,7069
Asten,2024,7335,89,7436
Baarle-Nassau,2012,2681,25,2706
Baarle-Nassau,2016,2746,27,2770
Baarle-Nassau,2020,2875,36,2916
Baarle-Nassau,2024,3012,33,3086
Baarn,2012,11071,169,11228
Baarn,2016,11586,94,11676
Baarn,2020,11679,11,11700
Baarn,2024,11923,15,11947
Barendrecht,2012,18421,116,18760
Barendrecht,2016,18918,192,19131
Barendrecht,2020,19416,45,19433
Barendrecht,2024,19697,46,19676
Barneveld,2012,19699,74,19835
Barneveld,2016,20938,380,21330
Barneveld,2020,22799,338,23146
Barneveld,2024,24148,296,24446
Bedum,2012,4424,0,4464
Bedum,2016,4570,57,4569
Bedum,2020,,,
Bedum,2024,,,
Beek (L.),2012,7360,5,7373
Beek (L.),2016,7415,2,7410
Beek (L.),2020,7488,2,7496
Beek (L.),2024,7550,27,7581
Beekdaelen,2012,,,
Beekdaelen,2016,,,
Beekdaelen,2020,16635,76,16711
Beekdaelen,2024,16822,169,16915
Beemster,2012,3422,9,3432
Beemster,2016,3657,143,3790
Beemster,2020,4036,19,4051
Beemster,2024,,,
Beesel,2012,5939,19,5925
Beesel,2016,5882,7,5888
Beesel,2020,5965,78,6040
Beesel,2024,6107,112,6218
Bellingwedde,2012,4168,8,4136
Bellingwedde,2016,4116,0,4117
Bellingwedde,2020,,,
Bellingwedde,2024,,,
Berg en Dal,2012,,,
Berg en Dal,2016,15282,90,15397
Berg en Dal,2020,15802,64,15854
Berg en Dal,2024,16278,76,16345
Bergambacht,2012,3942,39,4019
Bergambacht,2016,,,
Bergambacht,2020,,,
Bergambacht,2024,,,
Bergeijk,2012,7456,111,7573
Bergeijk,2016,7742,29,7770
Bergeijk,2020,7970,54,8027
Bergeijk,2024,8343,90,8431
Bergen (L.),2012,5480,0,5497
Bergen (L.),2016,5619,35,5669
Bergen (L.),2020,5760,37,5793
Bergen (L.),2024,5867,13,5887
Bergen (NH.),2012,14658,4,14635
Bergen (NH.),2016,14976,45,14992
Bergen (NH.),2020,15344,23,15353
Bergen (NH.),2024,15491,60,15550
Bergen op Zoom,2012,29604,123,29739
Bergen op Zoom,2016,29738,260,29916
Bergen op Zoom,2020,30884,112,30921
Bergen op Zoom,2024,32087,216,32056
Berkelland,2012,18879,181,19205
Berkelland,2016,19466,46,19458
Berkelland,2020,19525,100,19594
Berkelland,2024,19930,102,20015
Bernheze,2012,11307,47,11368
Bernheze,2016,12044,71,12059
Bernheze,2020,12714,101,12798
Bernheze,2024,13436,245,13658
Bernisse,2012,5378,22,5499
Bernisse,2016,,,
Bernisse,2020,,,
Bernisse,2024,,,
Best,2012,11703,90,11769
Best,2016,12031,189,12326
Best,2020,12698,276,12977
Best,2024,13461,185,13650
Beuningen,2012,10374,29,10365
Beuningen,2016,10667,159,10829
Beuningen,2020,11137,103,11262
Beuningen,2024,11526,22,11556
Beverwijk,2012,18325,136,18483
Beverwijk,2016,18846,312,19106
Beverwijk,2020,19403,81,19511
Beverwijk,2024,20015,143,20154
het Bildt,2012,4539,0,4496
het Bildt,2016,4696,21,4697
het Bildt,2020,,,
het Bildt,2024,,,
De Bilt,2012,19274,20,19363
De Bilt,2016,19260,99,19375
De Bilt,2020,19577,130,19738
De Bilt,2024,19906,72,20000
Binnenmaas,2012,12428,70,12477
Binnenmaas,2016,12608,124,12722
Binnenmaas,2020,,,
Binnenmaas,2024,,,
Bladel,2012,8061,49,8076
Bladel,2016,8417,58,8486
Bladel,2020,8746,74,8841
Bladel,2024,9170,33,9228
Blaricum,2012,3888,66,4078
Blaricum,2016,4363,279,4639
Blaricum,2020,5075,107,5175
Blaricum,2024,5375,5,5380
Bloemendaal,2012,9439,45,9513
Bloemendaal,2016,9653,73,9727
Bloemendaal,2020,10034,121,10166
Bloemendaal,2024,10376,12,10389
Boarnsterhim,2012,8376,60,8455
Boarnsterhim,2016,,,
Boarnsterhim,2020,,,
Boarnsterhim,2024,,,
Bodegraven-Reeuwijk,2012,13441,82,13699
Bodegraven-Reeuwijk,2016,14008,102,14090
Bodegraven-Reeuwijk,2020,14499,176,14676
Bodegraven-Reeuwijk,2024,15181,86,15273
Boekel,2012,3670,84,3807
Boekel,2016,3975,73,4034
Boekel,2020,4248,150,4397
Boekel,2024,4615,74,4671
Ten Boer,2012,2959,3,2964
Ten Boer,2016,3017,23,3045
Ten Boer,2020,,,
Ten Boer,2024,,,
Borger-Odoorn,2012,11644,17,11619
Borger-Odoorn,2016,11714,2,11572
Borger-Odoorn,2020,11374,46,11224
Borger-Odoorn,2024,11537,98,11628
Borne,2012,8951,90,9078
Borne,2016,9316,202,9537
Borne,2020,9954,132,10105
Borne,2024,10468,66,10535
Borsele,2012,9543,127,9641
Borsele,2016,9687,75,9735
Borsele,2020,9821,74,9850
Borsele,2024,10099,25,10120
Boskoop,2012,6168,110,6276
Boskoop,2016,,,
Boskoop,2020,,,
Boskoop,2024,,,
Boxmeer,2012,11441,51,11528
Boxmeer,2016,11896,147,12044
Boxmeer,2020,12568,165,12740
Boxmeer,2024,,,
Boxtel,2012,12729,114,12934
Boxtel,2016,13296,27,13308
Boxtel,2020,13401,38,13461
Boxtel,2024,14818,199,15042
Breda,2012,77017,733,78852
Breda,2016,81649,468,82231
Breda,2020,84567,625,85230
Breda,2024,87800,300,88201
Brielle,2012,7157,195,7478
Brielle,2016,7683,68,7798
Brielle,2020,8029,76,8110
Brielle,2024,,,
Bronckhorst,2012,15566,46,15600
Bronckhorst,2016,16117,53,16063
Bronckhorst,2020,16198,76,16213
Bronckhorst,2024,16453,48,16499
Brummen,2012,9039,41,9080
Brummen,2016,9260,14,9249
Brummen,2020,9348,80,9416
Brummen,2024,9799,67,9871
Brunssum,2012,14255,76,14355
Brunssum,2016,14511,10,14464
Brunssum,2020,14493,114,14464
Brunssum,2024,14510,12,14527
Bunnik,2012,5940,136,6082
Bunnik,2016,6269,74,6342
Bunnik,2020,6392,83,6484
Bunnik,2024,6787,80,6867
Bunschoten,2012,7603,101,7719
Bunschoten,2016,8087,69,8135
Bunschoten,2020,8536,107,8550
Bunschoten,2024,8946,32,8985
Buren,2012,10018,44,10041
Buren,2016,10386,93,10459
Buren,2020,10829,103,10933
Buren,2024,11200,55,11258
Bussum,2012,14902,7,15124
Bussum,2016,,,
Bussum,2020,,,
Bussum,2024,,,
Capelle aan den IJssel,2012,30308,57,30440
Capelle aan den IJssel,2016,30727,7,30745
Capelle aan den IJssel,2020,31270,169,31556
Capelle aan den IJssel,2024,31596,281,31893
Castricum,2012,14939,106,15128
Castricum,2016,15459,219,15666
Castricum,2020,16056,161,16231
Castricum,2024,16558,113,16672
Coevorden,2012,16846,68,15237
Coevorden,2016,15342,28,15283
Coevorden,2020,15555,18,15580
Coevorden,2024,15966,77,15919
Cranendonck,2012,8567,60,8630
Cranendonck,2016,8781,53,8841
Cranendonck,2020,9007,37,9044
Cranendonck,2024,9255,39,9272
Cromstrijen,2012,5560,12,5506
Cromstrijen,2016,5622,4,5625
Cromstrijen,2020,,,
Cromstrijen,2024,,,
Cuijk,2012,10326,153,10497
Cuijk,2016,10787,39,10727
Cuijk,2020,11193,131,11335
Cuijk,2024,,,
Culemborg,2012,11348,117,11598
Culemborg,2016,11862,147,12024
Culemborg,2020,12530,179,12729
Culemborg,2024,13252,70,13398
Dalfsen,2012,10869,160,11022
Dalfsen,2016,11391,65,11444
Dalfsen,2020,11889,181,12056
Dalfsen,2024,12461,146,12599
Dantumadiel,2012,7858,20,7867
Dantumadiel,2016,8065,6,8084
Dantumadiel,2020,8164,48,8202
Dantumadiel,2024,8271,22,8298
Delft,2012,48035,250,48329
Delft,2016,49627,250,49838
Delft,2020,50904,333,51495
Delft,2024,54219,339,54594
Delfzijl,2012,11982,25,12027
Delfzijl,2016,12273,5,12237
Delfzijl,2020,12223,41,12278
Delfzijl,2024,,,
Deurne,2012,12829,71,12994
Deurne,2016,13433,93,13523
Deurne,2020,13955,76,14052
Deurne,2024,14453,52,14500
Deventer,2012,42269,28,42092
Deventer,2016,43643,455,44653
Deventer,2020,45988,153,46224
Deventer,2024,47516,520,48140
Diemen,2012,11843,72,11891
Diemen,2016,13216,165,12770
Diemen,2020,15015,451,15467
Diemen,2024,15814,300,16115
Dijk en Waard,2012,,,
Dijk en Waard,2016,,,
Dijk en Waard,2020,,,
Dijk en Waard,2024,38007,402,38398
Dinkelland,2012,10105,97,10215
Dinkelland,2016,10528,116,10661
Dinkelland,2020,10939,80,11047
Dinkelland,2024,11268,99,11366
Dirksland,2012,3345,28,3450
Dirksland,2016,,,
Dirksland,2020,,,
Dirksland,2024,,,
Doesburg,2012,5207,2,5168
Doesburg,2016,5238,5,5248
Doesburg,2020,5293,55,5313
Doesburg,2024,5441,22,5456
Doetinchem,2012,24288,226,24523
Doetinchem,2016,25180,286,25477
Doetinchem,2020,26129,353,26509
Doetinchem,2024,27176,199,27376
Dongen,2012,10520,124,10645
Dongen,2016,10792,40,10838
Dongen,2020,11289,161,11456
Dongen,2024,11734,165,11988
Dongeradeel,2012,10558,16,10622
Dongeradeel,2016,10886,78,10983
Dongeradeel,2020,,,
Dongeradeel,2024,,,
Dordrecht,2012,53973,512,54565
Dordrecht,2016,54853,77,54868
Dordrecht,2020,55279,384,55813
Dordrecht,2024,57276,305,57537
Drechterland,2012,7804,40,7876
Drechterland,2016,8107,46,8154
Drechterland,2020,8373,39,8410
Drechterland,2024,8708,32,8738
Drimmelen,2012,11105,77,11156
Drimmelen,2016,11501,102,11601
Drimmelen,2020,11761,57,11845
Drimmelen,2024,12322,39,12370
Dronten,2012,17043,231,17192
Dronten,2016,16495,102,16603
Dronten,2020,17390,345,17730
Dronten,2024,18507,208,18702
Druten,2012,7290,9,7348
Druten,2016,7662,149,7807
Druten,2020,8126,84,8202
Druten,2024,8491,231,8752
Duiven,2012,10390,119,10513
Duiven,2016,10635,9,10645
Duiven,2020,10743,20,10760
Duiven,2024,10874,45,10937
Echt-Susteren,2012,14086,40,14148
Echt-Susteren,2016,14450,58,14497
Echt-Susteren,2020,14595,80,14713
Echt-Susteren,2024,15066,56,15141
Edam-Volendam,2012,11761,147,11876
Edam-Volendam,2016,14939,114,14819
Edam-Volendam,2020,15120,311,15432
Edam-Volendam,2024,15961,75,16009
Ede,2012,46871,677,47600
Ede,2016,48915,653,49703
Ede,2020,49152,822,50056
Ede,2024,52436,435,52756
Eemnes,2012,3438,7,3591
Eemnes,2016,3665,20,3687
Eemnes,2020,4008,79,4091
Eemnes,2024,4304,76,4375
Eemsdelta,2012,,,
Eemsdelta,2016,,,
Eemsdelta,2020,,,
Eemsdelta,2024,23616,608,23649
Eemsmond,2012,7407,11,7349
Eemsmond,2016,7471,4,7410
Eemsmond,2020,,,
Eemsmond,2024,,,
Eersel,2012,7647,39,7725
Eersel,2016,8008,35,8035
Eersel,2020,8402,111,8511
Eersel,2024,8739,154,8888
Eijsden-Margraten,2012,10415,172,10486
Eijsden-Margraten,2016,10888,52,10979
Eijsden-Margraten,2020,11326,37,11367
Eijsden-Margraten,2024,11627,80,11727
Eindhoven,2012,101413,746,101970
Eindhoven,2016,106732,731,107812
Eindhoven,2020,112965,1362,114398
Eindhoven,2024,119376,1557,121191
Elburg,2012,8659,54,8762
Elburg,2016,9170,16,9186
Elburg,2020,9356,226,9595
Elburg,2024,9794,51,9841
Emmen,2012,51220,51,48540
Emmen,2016,49118,103,48789
Emmen,2020,49308,247,49528
Emmen,2024,50563,240,50710
Enkhuizen,2012,8343,1,8399
Enkhuizen,2016,8642,35,8689
Enkhuizen,2020,8824,35,8880
Enkhuizen,2024,8955,19,8989
Enschede,2012,74142,268,74502
Enschede,2016,75056,220,74564
Enschede,2020,75222,500,75925
Enschede,2024,77059,645,77688
Epe,2012,13662,2,13698
Epe,2016,14097,99,14177
Epe,2020,14586,71,14697
Epe,2024,14921,98,15005
Ermelo,2012,10296,0,10301
Ermelo,2016,10785,81,10861
Ermelo,2020,11156,193,11360
Ermelo,2024,11935,109,12149
Etten-Leur,2012,17468,387,18043
Etten-Leur,2016,18408,95,18513
Etten-Leur,2020,19093,90,19154
Etten-Leur,2024,20121,206,20354
Ferwerderadiel,2012,3808,0,3798
Ferwerderadiel,2016,3860,1,3853
Ferwerderadiel,2020,,,
Ferwerderadiel,2024,,,
Franekeradeel,2012,9318,12,9269
Franekeradeel,2016,9501,36,9497
Franekeradeel,2020,,,
Franekeradeel,2024,,,
De Friese Meren,2012,,,
De Friese Meren,2016,,,
De Friese Meren,2020,,,
De Friese Meren,2024,,,
De Fryske Marren,2012,,,
De Fryske Marren,2016,22818,47,22887
De Fryske Marren,2020,23347,141,23460
De Fryske Marren,2024,23723,117,23886
Gaasterlân-Sleat,2012,4791,13,4493
Gaasterlân-Sleat,2016,,,
Gaasterlân-Sleat,2020,,,
Gaasterlân-Sleat,2024,,,
Geertruidenberg,2012,9376,1,9395
Geertruidenberg,2016,9553,32,9594
Geertruidenberg,2020,9639,8,9648
Geertruidenberg,2024,10156,13,10147
Geldermalsen,2012,10371,27,10369
Geldermalsen,2016,10630,184,10808
Geldermalsen,2020,,,
Geldermalsen,2024,,,
Geldrop-Mierlo,2012,17105,57,17157
Geldrop-Mierlo,2016,17305,50,17354
Geldrop-Mierlo,2020,17746,181,18078
Geldrop-Mierlo,2024,18448,97,18586
Gemert-Bakel,2012,11772,90,12042
Gemert-Bakel,2016,12451,155,12597
Gemert-Bakel,2020,12635,100,12649
Gemert-Bakel,2024,13110,153,13239
Gennep,2012,7088,35,7199
Gennep,2016,7277,25,7361
Gennep,2020,7450,38,7490
Gennep,2024,7770,42,7832
Giessenlanden,2012,5737,42,5726
Giessenlanden,2016,5884,28,5910
Giessenlanden,2020,,,
Giessenlanden,2024,,,
Gilze en Rijen,2012,10237,247,10757
Gilze en Rijen,2016,11138,84,11149
Gilze en Rijen,2020,11301,79,11392
Gilze en Rijen,2024,11728,62,11801
Goedereede,2012,4788,128,4868
Goedereede,2016,,,
Goedereede,2020,,,
Goedereede,2024,,,
Goeree-Overflakkee,2012,,,
Goeree-Overflakkee,2016,20915,197,21089
Goeree-Overflakkee,2020,21855,257,22098
Goeree-Overflakkee,2024,22916,77,22997
Goes,2012,17321,183,17410
Goes,2016,17748,196,17939
Goes,2020,18553,238,18633
Goes,2024,19254,211,19353
Goirle,2012,9703,102,9792
Goirle,2016,9906,21,9961
Goirle,2020,10363,64,10423
Goirle,2024,10585,139,10735
Gooise Meren,2012,,,
Gooise Meren,2016,26137,109,26249
Gooise Meren,2020,26679,175,26896
Gooise Meren,2024,27705,239,27944
Gorinchem,2012,15569,3,15622
Gorinchem,2016,16092,240,16300
Gorinchem,2020,17210,129,17288
Gorinchem,2024,17978,196,18237
Gouda,2012,30704,133,31067
Gouda,2016,31868,267,32131
Gouda,2020,33439,258,33725
Gouda,2024,34785,377,35205
Graafstroom,2012,3519,70,3588
Graafstroom,2016,,,
Graafstroom,2020,,,
Graafstroom,2024,,,
Graft-De Rijp,2012,2572,3,2585
Graft-De Rijp,2016,,,
Graft-De Rijp,2020,,,
Graft-De Rijp,2024,,,
Grave,2012,5083,1,5089
Grave,2016,5304,1,5305
Grave,2020,5465,17,5492
Grave,2024,,,
s-Gravenhage (gemeente),2012,241378,984,244882
s-Gravenhage (gemeente),2016,253210,1429,255103
s-Gravenhage (gemeente),2020,262492,2820,265959
s-Gravenhage (gemeente),2024,272242,1802,274171
Groesbeek,2012,7655,302,8160
Groesbeek,2016,,,
Groesbeek,2020,,,
Groesbeek,2024,,,
Groningen (gemeente),2012,93324,149,95291
Groningen (gemeente),2016,99250,899,100828
Groningen (gemeente),2020,116445,2014,118922
Groningen (gemeente),2024,124258,610,125028
Grootegast,2012,4699,74,4825
Grootegast,2016,4946,25,4982
Grootegast,2020,,,
Grootegast,2024,,,
Gulpen-Wittem,2012,6362,108,6636
Gulpen-Wittem,2016,6789,1,6791
Gulpen-Wittem,2020,6867,15,6880
Gulpen-Wittem,2024,6925,0,6936
Haaksbergen,2012,9790,68,9904
Haaksbergen,2016,10162,60,10195
Haaksbergen,2020,10497,69,10571
Haaksbergen,2024,10739,28,10753
Haaren,2012,5121,79,5263
Haaren,2016,5429,98,5525
Haaren,2020,5957,39,6003
Haaren,2024,,,
Haarlem,2012,71173,224,71725
Haarlem,2016,73674,167,74037
Haarlem,2020,76436,590,77201
Haarlem,2024,79434,877,80430
Haarlemmerliede en Spaarnwoude,2012,2200,49,2247
Haarlemmerliede en Spaarnwoude,2016,2281,37,2312
Haarlemmerliede en Spaarnwoude,2020,,,
Haarlemmerliede en Spaarnwoude,2024,,,
Haarlemmermeer,2012,58757,193,58925
Haarlemmermeer,2016,59699,420,60085
Haarlemmermeer,2020,64195,1025,65214
Haarlemmermeer,2024,67121,965,68125
Halderberge,2012,12664,24,13034
Halderberge,2016,13027,30,13060
Halderberge,2020,13399,104,13488
Halderberge,2024,13744,165,13932
Hardenberg,2012,23260,111,23396
Hardenberg,2016,23864,238,24113
Hardenberg,2020,24810,358,25177
Hardenberg,2024,26078,280,26307
Harderwijk,2012,18433,45,18517
Harderwijk,2016,18873,202,19185
Harderwijk,2020,19942,425,20677
Harderwijk,2024,21777,192,22045
Hardinxveld-Giessendam,2012,7012,20,7047
Hardinxveld-Giessendam,2016,7130,98,7211
Hardinxveld-Giessendam,2020,7451,40,7514
Hardinxveld-Giessendam,2024,7623,123,7744
Haren,2012,8497,23,8531
Haren,2016,8612,124,8738
Haren,2020,,,
Haren,2024,,,
Harenkarspel,2012,6246,12,6271
Harenkarspel,2016,,,
Harenkarspel,2020,,,
Harenkarspel,2024,,,
Harlingen,2012,7371,5,7390
Harlingen,2016,7533,10,7561
Harlingen,2020,7798,120,7909
Harlingen,2024,8113,29,8124
Hattem,2012,5035,90,5128
Hattem,2016,5240,66,5270
Hattem,2020,5298,18,5262
Hattem,2024,5493,64,5558
Heemskerk,2012,17035,1,17012
Heemskerk,2016,17457,26,17513
Heemskerk,2020,17578,63,17607
Heemskerk,2024,17989,91,18025
Heemstede,2012,11751,48,11813
Heemstede,2016,12520,12,12511
Heemstede,2020,12628,194,12817
Heemstede,2024,12897,3,12841
Heerde,2012,7402,172,7580
Heerde,2016,7803,32,7810
Heerde,2020,7924,95,8017
Heerde,2024,8247,69,8334
Heerenveen,2012,19712,90,19709
Heerenveen,2016,23230,103,23250
Heerenveen,2020,23528,288,23767
Heerenveen,2024,24116,323,24447
Heerhugowaard,2012,21273,280,21493
Heerhugowaard,2016,22311,435,22743
Heerhugowaard,2020,23913,406,24439
Heerhugowaard,2024,,,
Heerlen,2012,45243,52,45326
Heerlen,2016,45227,13,45619
Heerlen,2020,45976,60,45982
Heerlen,2024,46697,123,46795
Heeze-Leende,2012,6341,22,6424
Heeze-Leende,2016,6628,29,6655
Heeze-Leende,2020,6861,62,6925
Heeze-Leende,2024,7243,75,7321
Heiloo,2012,9864,47,9907
Heiloo,2016,10233,118,10366
Heiloo,2020,10775,160,10939
Heiloo,2024,11225,72,11293
Den Helder,2012,26990,143,27138
Den Helder,2016,27939,110,27986
Den Helder,2020,28213,167,28390
Den Helder,2024,28734,110,28808
Hellendoorn,2012,14319,45,14359
Hellendoorn,2016,14526,59,14593
Hellendoorn,2020,14889,73,14959
Hellendoorn,2024,15158,44,15194
Hellevoetsluis,2012,17131,57,17241
Hellevoetsluis,2016,17305,56,17377
Hellevoetsluis,2020,17967,104,18067
Hellevoetsluis,2024,,,
Helmond,2012,38363,415,38662
Helmond,2016,39407,155,39533
Helmond,2020,40788,426,41222
Helmond,2024,43215,348,43549
Hendrik-Ido-Ambacht,2012,11585,3,11392
Hendrik-Ido-Ambacht,2016,11725,124,11842
Hendrik-Ido-Ambacht,2020,12314,30,12332
Hendrik-Ido-Ambacht,2024,12844,114,12963
Hengelo (O.),2012,37131,260,37284
Hengelo (O.),2016,37888,189,37908
Hengelo (O.),2020,38701,141,38903
Hengelo (O.),2024,39985,313,40426
s-Hertogenbosch,2012,63223,628,64413
s-Hertogenbosch,2016,69726,582,70255
s-Hertogenbosch,2020,72991,554,73424
s-Hertogenbosch,2024,76264,588,76845
Heumen,2012,6700,7,6713
Heumen,2016,6991,34,7064
Heumen,2020,7206,67,7274
Heumen,2024,7421,62,7497
Heusden,2012,17748,132,17874
Heusden,2016,18281,80,18352
Heusden,2020,19193,174,19357
Heusden,2024,19919,133,20055
Hillegom,2012,8978,126,9163
Hillegom,2016,9398,39,9419
Hillegom,2020,9849,5,9863
Hillegom,2024,10297,55,10329
Hilvarenbeek,2012,6115,66,6176
Hilvarenbeek,2016,6476,56,6493
Hilvarenbeek,2020,6724,143,6865
Hilvarenbeek,2024,7080,77,7171
Hilversum,2012,38937,202,39673
Hilversum,2016,41123,309,41638
Hilversum,2020,42676,242,42979
Hilversum,2024,43792,184,43894
Hoeksche Waard,2012,,,
Hoeksche Waard,2016,,,
Hoeksche Waard,2020,37821,379,38203
Hoeksche Waard,2024,39574,283,39954
Hof van Twente,2012,14643,38,14655
Hof van Twente,2016,14868,144,14969
Hof van Twente,2020,15211,44,15279
Hof van Twente,2024,15547,103,15711
Het Hogeland,2012,,,
Het Hogeland,2016,,,
Het Hogeland,2020,22743,130,22878
Het Hogeland,2024,22837,234,22964
Hollands Kroon,2012,20011,123,20184
Hollands Kroon,2016,20554,103,20616
Hollands Kroon,2020,20882,189,20988
Hollands Kroon,2024,21580,101,21697
Hoogeveen,2012,23279,68,23398
Hoogeveen,2016,24504,167,24684
Hoogeveen,2020,25236,217,25496
Hoogeveen,2024,25791,82,25911
Hoogezand-Sappemeer,2012,16379,18,15814
Hoogezand-Sappemeer,2016,15971,28,16016
Hoogezand-Sappemeer,2020,,,
Hoogezand-Sappemeer,2024,,,
Hoorn,2012,30947,136,31354
Hoorn,2016,32423,147,32640
Hoorn,2020,33086,523,33656
Hoorn,2024,34609,388,34994
Horst aan de Maas,2012,16594,133,16797
Horst aan de Maas,2016,17431,145,17480
Horst aan de Maas,2020,17839,107,17937
Horst aan de Maas,2024,18492,338,18910
Houten,2012,18971,157,19155
Houten,2016,19542,210,19808
Houten,2020,20417,119,20681
Houten,2024,21335,217,21551
Huizen,2012,18242,90,18316
Huizen,2016,18592,67,18718
Huizen,2020,18924,57,19018
Huizen,2024,19156,34,19209
Hulst,2012,13091,34,13046
Hulst,2016,13272,87,13323
Hulst,2020,13587,91,13618
Hulst,2024,13684,112,13719
IJsselstein,2012,13726,135,13857
IJsselstein,2016,14169,145,14319
IJsselstein,2020,14407,17,14444
IJsselstein,2024,14544,43,14585
Kaag en Braassem,2012,10520,83,10647
Kaag en Braassem,2016,11056,156,11204
Kaag en Braassem,2020,11726,157,11895
Kaag en Braassem,2024,12721,78,12787
Kampen,2012,20845,16,20887
Kampen,2016,21343,235,21535
Kampen,2020,22517,210,22785
Kampen,2024,23530,191,23734
Kapelle,2012,5005,29,5055
Kapelle,2016,5223,51,5275
Kapelle,2020,5403,54,5459
Kapelle,2024,5523,22,5546
Katwijk,2012,24307,123,24614
Katwijk,2016,25814,430,26265
Katwijk,2020,26869,275,27165
Katwijk,2024,27594,223,27845
Kerkrade,2012,21338,77,21387
Kerkrade,2016,23967,12,23883
Kerkrade,2020,23771,72,23937
Kerkrade,2024,23981,138,24035
Koggenland,2012,8847,122,8963
Koggenland,2016,9220,28,9237
Koggenland,2020,9473,159,9608
Koggenland,2024,9869,120,9907
Kollumerland en Nieuwkruisland,2012,5413,23,5442
Kollumerland en Nieuwkruisland,2016,5426,65,5489
Kollumerland en Nieuwkruisland,2020,,,
Kollumerland en Nieuwkruisland,2024,,,
Korendijk,2012,4355,2,4382
Korendijk,2016,4457,100,4571
Korendijk,2020,,,
Korendijk,2024,,,
Krimpen aan den IJssel,2012,12109,340,12461
Krimpen aan den IJssel,2016,12318,13,12333
Krimpen aan den IJssel,2020,12636,56,12648
Krimpen aan den IJssel,2024,12616,91,12730
Krimpenerwaard,2012,,,
Krimpenerwaard,2016,23331,299,23541
Krimpenerwaard,2020,23933,87,23944
Krimpenerwaard,2024,24529,83,24661
Laarbeek,2012,8755,247,9125
Laarbeek,2016,9237,9,9231
Laarbeek,2020,9531,214,9793
Laarbeek,2024,9978,31,10038
Land van Cuijk,2012,,,
Land van Cuijk,2016,,,
Land van Cuijk,2020,,,
Land van Cuijk,2024,40186,431,40717
Landerd,2012,5698,13,5793
Landerd,2016,6004,30,6074
Landerd,2020,6403,51,6461
Landerd,2024,,,
Landgraaf,2012,17833,65,17899
Landgraaf,2016,17923,121,18038
Landgraaf,2020,18142,11,18152
Landgraaf,2024,18221,59,18291
Landsmeer,2012,4391,42,4432
Landsmeer,2016,4668,63,4739
Landsmeer,2020,4896,0,4897
Landsmeer,2024,4923,39,4958
Langedijk,2012,10696,75,10773
Langedijk,2016,11295,50,11312
Langedijk,2020,11650,117,11773
Langedijk,2024,,,
Lansingerland,2012,21230,418,21913
Lansingerland,2016,22942,265,23255
Lansingerland,2020,24245,437,24686
Lansingerland,2024,25539,240,25791
Laren (NH.),2012,4971,6,5161
Laren (NH.),2016,5181,10,5244
Laren (NH.),2020,5400,52,5441
Laren (NH.),2024,5488,31,5508
Leek,2012,8057,129,8308
Leek,2016,8498,92,8587
Leek,2020,,,
Leek,2024,,,
Leerdam,2012,8480,91,8544
Leerdam,2016,8757,59,8762
Leerdam,2020,,,
Leerdam,2024,,,
Leeuwarden,2012,46778,388,47727
Leeuwarden,2016,54245,415,54461
Leeuwarden,2020,62599,417,63067
Leeuwarden,2024,65594,295,65879
Leeuwarderadeel,2012,4256,9,4267
Leeuwarderadeel,2016,4352,2,4353
Leeuwarderadeel,2020,,,
Leeuwarderadeel,2024,,,
Leiden,2012,53613,785,54400
Leiden,2016,56636,765,57476
Leiden,2020,59832,568,60538
Leiden,2024,63853,1052,65079
Leiderdorp,2012,11838,0,11843
Leiderdorp,2016,12016,54,12068
Leiderdorp,2020,12119,261,12379
Leiderdorp,2024,12687,13,12698
Leidschendam-Voorburg,2012,35969,81,35868
Leidschendam-Voorburg,2016,36398,42,36444
Leidschendam-Voorburg,2020,36944,7,36955
Leidschendam-Voorburg,2024,37746,164,37861
Lelystad,2012,32216,161,32379
Lelystad,2016,32755,136,32895
Lelystad,2020,33385,349,33734
Lelystad,2024,35647,342,36017
Lemsterland,2012,6315,58,6435
Lemsterland,2016,,,
Lemsterland,2020,,,
Lemsterland,2024,,,
Leudal,2012,15231,55,15327
Leudal,2016,15718,18,15735
Leudal,2020,15992,170,16157
Leudal,2024,16355,45,16412
Leusden,2012,12133,250,12415
Leusden,2016,12425,67,12495
Leusden,2020,13043,147,13229
Leusden,2024,13696,134,13848
Liesveld,2012,3762,9,3785
Liesveld,2016,,,
Liesveld,2020,,,
Liesveld,2024,,,
Lingewaal,2012,4288,103,4409
Lingewaal,2016,4538,16,4532
Lingewaal,2020,,,
Lingewaal,2024,,,
Lingewaard,2012,18539,140,18781
Lingewaard,2016,19423,158,19638
Lingewaard,2020,19872,208,20056
Lingewaard,2024,20365,224,20569
Lisse,2012,9637,6,9653
Lisse,2016,10080,70,10183
Lisse,2020,10330,51,10411
Lisse,2024,10554,137,10637
Littenseradiel,2012,4496,36,4531
Littenseradiel,2016,4515,8,4528
Littenseradiel,2020,,,
Littenseradiel,2024,,,
Lochem,2012,14119,104,14271
Lochem,2016,14624,107,14778
Lochem,2020,15096,75,15165
Lochem,2024,15567,71,15659
Loon op Zand,2012,9864,91,9961
Loon op Zand,2016,10110,74,10169
Loon op Zand,2020,10409,170,10478
Loon op Zand,2024,10607,64,10678
Lopik,2012,5315,27,5347
Lopik,2016,5488,30,5526
Lopik,2020,5741,79,5838
Lopik,2024,5904,46,5954
Loppersum,2012,4478,12,4508
Loppersum,2016,4648,25,4627
Loppersum,2020,4687,141,4782
Loppersum,2024,,,
Losser,2012,9291,137,9429
Losser,2016,9559,60,9626
Losser,2020,9789,69,9863
Losser,2024,10147,71,10210
Maasdonk,2012,4553,23,4589
Maasdonk,2016,,,
Maasdonk,2020,,,
Maasdonk,2024,,,
Maasdriel,2012,9484,28,9531
Maasdriel,2016,9695,65,9749
Maasdriel,2020,10115,94,10207
Maasdriel,2024,10498,73,10544
Maasgouw,2012,10280,6,10298
Maasgouw,2016,10601,35,10641
Maasgouw,2020,10856,106,10965
Maasgouw,2024,11298,61,11323
Maashorst,2012,,,
Maashorst,2016,,,
Maashorst,2020,,,
Maashorst,2024,26320,234,26571
Maassluis,2012,14511,96,14459
Maassluis,2016,14938,81,14943
Maassluis,2020,15186,232,15389
Maassluis,2024,16379,385,16664
Maastricht,2012,59234,0,60360
Maastricht,2016,60948,16,61485
Maastricht,2020,61833,443,62839
Maastricht,2024,65942,252,66249
De Marne,2012,5218,16,5205
De Marne,2016,5260,2,5227
De Marne,2020,,,
De Marne,2024,,,
Marum,2012,4113,8,4156
Marum,2016,4291,59,4351
Marum,2020,,,
Marum,2024,,,
Medemblik,2012,17346,176,17528
Medemblik,2016,18402,160,18607
Medemblik,2020,19100,100,19211
Medemblik,2024,19492,84,19593
Meerssen,2012,8345,1,8360
Meerssen,2016,8569,1,8590
Meerssen,2020,8629,3,8640
Meerssen,2024,8693,20,8717
Meierijstad,2012,,,
Meierijstad,2016,,,
Meierijstad,2020,34544,402,34895
Meierijstad,2024,36361,434,36823
Menameradiel,2012,5630,12,5668
Menameradiel,2016,5851,7,5849
Menameradiel,2020,,,
Menameradiel,2024,,,
Menterwolde,2012,5370,17,5369
Menterwolde,2016,5408,2,5407
Menterwolde,2020,,,
Menterwolde,2024,,,
Meppel,2012,14352,28,14686
Meppel,2016,15177,203,15388
Meppel,2020,15851,242,16106
Meppel,2024,16612,152,16783
Middelburg (Z.),2012,22576,94,22739
Middelburg (Z.),2016,23004,132,23167
Middelburg (Z.),2020,23683,127,23906
Middelburg (Z.),2024,24703,189,24858
Middelharnis,2012,7586,33,7611
Middelharnis,2016,,,
Middelharnis,2020,,,
Middelharnis,2024,,,
Midden-Delfland,2012,7195,94,7281
Midden-Delfland,2016,7649,85,7727
Midden-Delfland,2020,7904,110,7996
Midden-Delfland,2024,8103,42,8145
Midden-Drenthe,2012,13950,20,13986
Midden-Drenthe,2016,14030,50,14156
Midden-Drenthe,2020,14378,52,14413
Midden-Drenthe,2024,14801,56,14849
Midden-Groningen,2012,,,
Midden-Groningen,2016,,,
Midden-Groningen,2020,28167,279,28154
Midden-Groningen,2024,28735,123,28833
Mill en Sint Hubert,2012,4378,54,4437
Mill en Sint Hubert,2016,4440,56,4494
Mill en Sint Hubert,2020,4627,32,4658
Mill en Sint Hubert,2024,,,
Millingen aan de Rijn,2012,2486,39,2528
Millingen aan de Rijn,2016,,,
Millingen aan de Rijn,2020,,,
Millingen aan de Rijn,2024,,,
Moerdijk,2012,15708,102,15812
Moerdijk,2016,16116,178,16315
Moerdijk,2020,16501,120,16629
Moerdijk,2024,16997,109,17118
Molenlanden,2012,,,
Molenlanden,2016,,,
Molenlanden,2020,17205,152,17340
Molenlanden,2024,18025,96,18111
Molenwaard,2012,,,
Molenwaard,2016,11021,95,11109
Molenwaard,2020,,,
Molenwaard,2024,,,
Montferland,2012,14625,44,14738
Montferland,2016,15281,105,15385
Montferland,2020,15917,103,16016
Montferland,2024,16353,41,16344
Montfoort,2012,5350,2,5443
Montfoort,2016,5572,83,5667
Montfoort,2020,5740,8,5756
Montfoort,2024,5813,7,5825
Mook en Middelaar,2012,3476,14,3489
Mook en Middelaar,2016,3561,7,3563
Mook en Middelaar,2020,3591,39,3667
Mook en Middelaar,2024,3761,24,3785
Muiden,2012,2754,0,2755
Muiden,2016,,,
Muiden,2020,,,
Muiden,2024,,,
Naarden,2012,7517,1,7527
Naarden,2016,,,
Naarden,2020,,,
Naarden,2024,,,
Neder-Betuwe,2012,8085,7,8052
Neder-Betuwe,2016,8391,103,8510
Neder-Betuwe,2020,8867,46,8912
Neder-Betuwe,2024,9265,94,9356
Nederlek,2012,5931,94,6091
Nederlek,2016,,,
Nederlek,2020,,,
Nederlek,2024,,,
Nederweert,2012,6916,45,6991
Nederweert,2016,7165,77,7240
Nederweert,2020,7457,87,7534
Nederweert,2024,7677,57,7696
Neerijnen,2012,4607,16,4621
Neerijnen,2016,4786,66,4861
Neerijnen,2020,,,
Neerijnen,2024,,,
Nieuwegein,2012,26411,200,26647
Nieuwegein,2016,27799,43,27976
Nieuwegein,2020,28844,60,29445
Nieuwegein,2024,30773,563,31374
Nieuwkoop,2012,10346,97,10420
Nieuwkoop,2016,10835,239,11113
Nieuwkoop,2020,11498,161,11660
Nieuwkoop,2024,11919,33,11931
Nieuw-Lekkerland,2012,3467,19,3467
Nieuw-Lekkerland,2016,,,
Nieuw-Lekkerland,2020,,,
Nieuw-Lekkerland,2024,,,
Nijkerk,2012,15519,170,15675
Nijkerk,2016,16131,149,16344
Nijkerk,2020,17321,32,17349
Nijkerk,2024,18345,53,18382
Nijmegen,2012,74162,734,76518
Nijmegen,2016,79593,1411,78200
Nijmegen,2020,81717,472,82317
Nijmegen,2024,86410,1116,87822
Nissewaard,2012,,,
Nissewaard,2016,39083,46,39192
Nissewaard,2020,39225,365,39469
Nissewaard,2024,40308,259,40514
Noardeast-Fryslân,2012,,,
Noardeast-Fryslân,2016,,,
Noardeast-Fryslân,2020,20630,102,20690
Noardeast-Fryslân,2024,21010,36,21001
Noord-Beveland,2012,4103,0,4096
Noord-Beveland,2016,4347,20,4361
Noord-Beveland,2020,4460,89,4553
Noord-Beveland,2024,4800,71,4868
Noordenveld,2012,14094,135,14204
Noordenveld,2016,14555,58,14630
Noordenveld,2020,14817,71,14855
Noordenveld,2024,15047,99,15140
Noordoostpolder,2012,18759,168,18928
Noordoostpolder,2016,19583,61,19535
Noordoostpolder,2020,20134,311,20336
Noordoostpolder,2024,21202,162,21364
Noordwijk,2012,12847,50,12921
Noordwijk,2016,12267,5,12309
Noordwijk,2020,19930,239,20120
Noordwijk,2024,21103,215,21279
Noordwijkerhout,2012,6428,171,6543
Noordwijkerhout,2016,6942,217,7156
Noordwijkerhout,2020,,,
Noordwijkerhout,2024,,,
"Nuenen, Gerwen en Nederwetten",2012,9449,76,9867
"Nuenen, Gerwen en Nederwetten",2016,10017,32,10032
"Nuenen, Gerwen en Nederwetten",2020,10285,159,10450
"Nuenen, Gerwen en Nederwetten",2024,10712,98,10806
Nunspeet,2012,10167,70,10354
Nunspeet,2016,10449,29,10463
Nunspeet,2020,10957,256,11199
Nunspeet,2024,11671,154,11822
Nuth,2012,6815,11,6906
Nuth,2016,6947,1,6953
Nuth,2020,,,
Nuth,2024,,,
Oegstgeest,2012,9822,174,10010
Oegstgeest,2016,10379,83,10459
Oegstgeest,2020,10862,148,11014
Oegstgeest,2024,11273,7,11286
Oirschot,2012,6913,1,6906
Oirschot,2016,7437,48,7650
Oirschot,2020,7965,67,8036
Oirschot,2024,8303,227,8544
Oisterwijk,2012,10768,35,11037
Oisterwijk,2016,11178,78,11265
Oisterwijk,2020,11619,81,11718
Oisterwijk,2024,14436,82,14501
Oldambt,2012,18090,24,18073
Oldambt,2016,18396,13,18382
Oldambt,2020,18540,98,18648
Oldambt,2024,19256,89,19336
Oldebroek,2012,8610,85,8766
Oldebroek,2016,9090,73,9163
Oldebroek,2020,9318,151,9475
Oldebroek,2024,9698,57,9745
Oldenzaal,2012,13948,32,13986
Oldenzaal,2016,14284,14,14311
Oldenzaal,2020,14614,55,14662
Oldenzaal,2024,14900,83,14974
Olst-Wijhe,2012,7066,122,7212
Olst-Wijhe,2016,7448,30,7529
Olst-Wijhe,2020,7724,97,7828
Olst-Wijhe,2024,8141,138,8267
Ommen,2012,8137,12,8135
Ommen,2016,7108,77,7184
Ommen,2020,7519,77,7601
Ommen,2024,7815,102,7934
Onderbanken,2012,3658,1,3658
Onderbanken,2016,3645,4,3654
Onderbanken,2020,,,
Onderbanken,2024,,,
Oost Gelre,2012,12288,88,12434
Oost Gelre,2016,12692,60,12751
Oost Gelre,2020,12910,99,12949
Oost Gelre,2024,13298,46,13367
Oosterhout,2012,23318,16,23337
Oosterhout,2016,24248,275,24441
Oosterhout,2020,25158,80,25194
Oosterhout,2024,26149,362,26528
Oostflakkee,2012,4247,1,4253
Oostflakkee,2016,,,
Oostflakkee,2020,,,
Oostflakkee,2024,,,
Ooststellingwerf,2012,11137,11,11160
Ooststellingwerf,2016,11172,5,11202
Ooststellingwerf,2020,11253,168,11419
Ooststellingwerf,2024,11491,16,11506
Oostzaan,2012,3890,56,3981
Oostzaan,2016,4048,24,4068
Oostzaan,2020,4108,12,4100
Oostzaan,2024,4149,30,4171
Opmeer,2012,4562,4,4564
Opmeer,2016,4680,23,4713
Opmeer,2020,4852,124,4974
Opmeer,2024,5139,155,5296
Opsterland,2012,12520,40,12460
Opsterland,2016,12873,37,12926
Opsterland,2020,13064,127,13202
Opsterland,2024,13409,101,13509
Oss,2012,35396,378,35747
Oss,2016,38831,241,39130
Oss,2020,40325,417,40746
Oss,2024,42122,289,42395
Oud-Beijerland,2012,9515,14,9522
Oud-Beijerland,2016,9940,187,10122
Oud-Beijerland,2020,,,
Oud-Beijerland,2024,,,
Oude IJsselstreek,2012,16689,29,17252
Oude IJsselstreek,2016,17218,46,17225
Oude IJsselstreek,2020,17401,80,17454
Oude IJsselstreek,2024,17779,69,17755
Ouder-Amstel,2012,5733,20,5752
Ouder-Amstel,2016,5851,3,5851
Ouder-Amstel,2020,6296,1,6301
Ouder-Amstel,2024,6400,3,6362
Ouderkerk,2012,3188,73,3249
Ouderkerk,2016,,,
Ouderkerk,2020,,,
Ouderkerk,2024,,,
Oudewater,2012,3989,85,4073
Oudewater,2016,4270,38,4322
Oudewater,2020,4372,20,4323
Oudewater,2024,4465,113,4575
Overbetuwe,2012,18190,154,18388
Overbetuwe,2016,19251,150,19390
Overbetuwe,2020,19947,172,20128
Overbetuwe,2024,20556,139,20703
Papendrecht,2012,13938,93,14036
Papendrecht,2016,14251,37,14289
Papendrecht,2020,14397,64,14479
Papendrecht,2024,14537,2,14553
Peel en Maas,2012,17198,115,17410
Peel en Maas,2016,17898,152,18059
Peel en Maas,2020,18399,169,18527
Peel en Maas,2024,19008,99,19196
Pekela,2012,5648,4,5649
Pekela,2016,5777,3,5776
Pekela,2020,5774,10,5782
Pekela,2024,5797,9,5797
Pijnacker-Nootdorp,2012,19154,220,19367
Pijnacker-Nootdorp,2016,20135,255,20414
Pijnacker-Nootdorp,2020,21536,268,21798
Pijnacker-Nootdorp,2024,22656,230,22893
Purmerend,2012,34901,68,34893
Purmerend,2016,35581,61,35631
Purmerend,2020,36701,404,37124
Purmerend,2024,43061,438,43479
Putten,2012,9825,98,9382
Putten,2016,9628,31,9649
Putten,2020,9727,174,9904
Putten,2024,10267,73,10336
Raalte,2012,15228,109,15385
Raalte,2016,15301,75,15359
Raalte,2020,15902,138,16049
Raalte,2024,16461,105,16573
Reimerswaal,2012,8662,40,8709
Reimerswaal,2016,8996,75,8994
Reimerswaal,2020,9298,84,9332
Reimerswaal,2024,9424,42,9466
Renkum,2012,14486,84,14565
Renkum,2016,14626,58,14653
Renkum,2020,14985,38,15003
Renkum,2024,15136,66,15217
Renswoude,2012,1752,2,1827
Renswoude,2016,1885,27,1904
Renswoude,2020,2134,25,2154
Renswoude,2024,2195,43,2236
Reusel-De Mierden,2012,5021,33,5086
Reusel-De Mierden,2016,5275,74,5344
Reusel-De Mierden,2020,5484,53,5523
Reusel-De Mierden,2024,5830,104,5944
Rheden,2012,20189,194,20334
Rheden,2016,20970,62,21117
Rheden,2020,21212,59,21281
Rheden,2024,21310,49,21377
Rhenen,2012,7492,1,7482
Rhenen,2016,7755,245,7935
Rhenen,2020,8225,60,8287
Rhenen,2024,8404,24,8426
Ridderkerk,2012,19862,60,20504
Ridderkerk,2016,20680,170,20795
Ridderkerk,2020,20960,356,21308
Ridderkerk,2024,21737,196,21966
Rijnwaarden,2012,4722,3,4726
Rijnwaarden,2016,4787,3,4795
Rijnwaarden,2020,,,
Rijnwaarden,2024,,,
Rijnwoude,2012,7399,17,7495
Rijnwoude,2016,,,
Rijnwoude,2020,,,
Rijnwoude,2024,,,
Rijssen-Holten,2012,13714,164,13855
Rijssen-Holten,2016,14298,33,14387
Rijssen-Holten,2020,14760,100,14867
Rijssen-Holten,2024,15196,122,15310
Rijswijk (ZH.),2012,24442,53,24618
Rijswijk (ZH.),2016,25606,338,25964
Rijswijk (ZH.),2020,26905,214,27219
Rijswijk (ZH.),2024,28745,318,29310
Roerdalen,2012,9016,47,9203
Roerdalen,2016,9405,5,9410
Roerdalen,2020,9477,90,9554
Roerdalen,2024,9771,98,9866
Roermond,2012,26531,108,26670
Roermond,2016,27111,83,27140
Roermond,2020,27649,110,27749
Roermond,2024,29439,309,29894
De Ronde Venen,2012,17836,92,18048
De Ronde Venen,2016,17608,210,17786
De Ronde Venen,2020,18517,202,18580
De Ronde Venen,2024,19039,39,19070
Roosendaal,2012,33879,143,33869
Roosendaal,2016,34718,142,34962
Roosendaal,2020,35363,254,35618
Roosendaal,2024,36069,216,35981
Rotterdam,2012,306227,1114,307352
Rotterdam,2016,311168,754,309693
Rotterdam,2020,315565,2005,317945
Rotterdam,2024,324597,2886,328408
Rozendaal,2012,628,1,628
Rozendaal,2016,635,0,635
Rozendaal,2020,688,6,694
Rozendaal,2024,709,1,709
Rucphen,2012,9194,13,9271
Rucphen,2016,9534,51,9604
Rucphen,2020,9822,102,9916
Rucphen,2024,10295,22,10307
Schagen,2012,8302,46,8334
Schagen,2016,19814,94,19993
Schagen,2020,20334,186,20581
Schagen,2024,21470,329,21822
Schermer,2012,2169,1,2179
Schermer,2016,,,
Schermer,2020,,,
Schermer,2024,,,
Scherpenzeel,2012,3632,36,3663
Scherpenzeel,2016,3725,94,3819
Scherpenzeel,2020,4002,58,4114
Scherpenzeel,2024,4226,44,4265
Schiedam,2012,35834,128,36011
Schiedam,2016,36751,62,36763
Schiedam,2020,37292,285,37472
Schiedam,2024,38360,60,38420
Schiermonnikoog,2012,590,0,591
Schiermonnikoog,2016,583,1,584
Schiermonnikoog,2020,587,0,588
Schiermonnikoog,2024,613,2,615
Schijndel,2012,9223,346,9576
Schijndel,2016,9862,43,9901
Schijndel,2020,,,
Schijndel,2024,,,
Schinnen,2012,5916,0,5884
Schinnen,2016,5929,4,5946
Schinnen,2020,,,
Schinnen,2024,,,
Schoonhoven,2012,5039,3,5049
Schoonhoven,2016,,,
Schoonhoven,2020,,,
Schoonhoven,2024,,,
Schouwen-Duiveland,2012,16457,130,16732
Schouwen-Duiveland,2016,16717,126,16753
Schouwen-Duiveland,2020,16783,189,16983
Schouwen-Duiveland,2024,16912,77,16929
Simpelveld,2012,5101,28,5123
Simpelveld,2016,5225,1,5201
Simpelveld,2020,5185,4,5185
Simpelveld,2024,5190,0,5162
Sint Anthonis,2012,4618,3,4601
Sint Anthonis,2016,4746,11,4765
Sint Anthonis,2020,4863,15,4882
Sint Anthonis,2024,,,
Sint-Michielsgestel,2012,11310,97,11383
Sint-Michielsgestel,2016,11738,45,11776
Sint-Michielsgestel,2020,12183,93,12274
Sint-Michielsgestel,2024,12674,21,12684
Sint-Oedenrode,2012,7422,5,7287
Sint-Oedenrode,2016,7395,14,7408
Sint-Oedenrode,2020,,,
Sint-Oedenrode,2024,,,
Sittard-Geleen,2012,44973,220,45144
Sittard-Geleen,2016,46058,167,46253
Sittard-Geleen,2020,46625,94,46709
Sittard-Geleen,2024,47153,42,47306
Skarsterlân,2012,12085,12,12094
Skarsterlân,2016,,,
Skarsterlân,2020,,,
Skarsterlân,2024,,,
Sliedrecht,2012,10413,151,10503
Sliedrecht,2016,10722,83,10902
Sliedrecht,2020,10898,175,11086
Sliedrecht,2024,11257,157,11420
Slochteren,2012,6589,83,6670
Slochteren,2016,6787,52,6821
Slochteren,2020,,,
Slochteren,2024,,,
Sluis,2012,15755,131,13611
Sluis,2016,14051,42,13952
Sluis,2020,14200,109,14152
Sluis,2024,14051,119,14158
Smallingerland,2012,24316,97,24469
Smallingerland,2016,25391,169,25377
Smallingerland,2020,25768,42,25833
Smallingerland,2024,26451,136,26564
Soest,2012,19835,62,19910
Soest,2016,20282,60,20361
Soest,2020,20699,235,20953
Soest,2024,21377,150,21532
Someren,2012,7236,22,7320
Someren,2016,7783,81,7863
Someren,2020,8113,81,8181
Someren,2024,8542,57,8585
Son en Breugel,2012,6437,154,6711
Son en Breugel,2016,6906,72,6978
Son en Breugel,2020,7192,127,7318
Son en Breugel,2024,7639,9,7652
Spijkenisse,2012,33777,198,32781
Spijkenisse,2016,,,
Spijkenisse,2020,,,
Spijkenisse,2024,,,
Stadskanaal,2012,14895,91,14922
Stadskanaal,2016,15282,32,15276
Stadskanaal,2020,15292,32,15208
Stadskanaal,2024,15169,27,15190
Staphorst,2012,5456,11,5450
Staphorst,2016,5688,74,5756
Staphorst,2020,5933,60,5988
Staphorst,2024,6163,157,6279
Stede Broec,2012,8808,41,8850
Stede Broec,2016,9025,21,9049
Stede Broec,2020,9199,52,9253
Stede Broec,2024,9505,24,9515
Steenbergen,2012,10015,16,10046
Steenbergen,2016,10006,129,10178
Steenbergen,2020,10433,66,10484
Steenbergen,2024,10877,90,10969
Steenwijkerland,2012,19461,65,19497
Steenwijkerland,2016,19636,157,19787
Steenwijkerland,2020,20172,126,20276
Steenwijkerland,2024,20476,167,20632
Stein (L.),2012,11330,1,11347
Stein (L.),2016,11614,64,11669
Stein (L.),2020,11800,7,11812
Stein (L.),2024,11853,39,11886
Stichtse Vecht,2012,26617,78,26732
Stichtse Vecht,2016,27561,95,27858
Stichtse Vecht,2020,28549,88,28739
Stichtse Vecht,2024,29138,43,29351
Strijen,2012,3849,3,3828
Strijen,2016,3908,24,3933
Strijen,2020,,,
Strijen,2024,,,
Súdwest-Fryslân,2012,36706,191,37852
Súdwest-Fryslân,2016,39013,174,39117
Súdwest-Fryslân,2020,42119,328,42501
Súdwest-Fryslân,2024,42907,230,43118
Terneuzen,2012,25924,147,26102
Terneuzen,2016,26675,81,26754
Terneuzen,2020,26966,141,27080
Terneuzen,2024,27705,234,27865
Terschelling,2012,2156,52,2210
Terschelling,2016,2229,24,2243
Terschelling,2020,2293,0,2293
Terschelling,2024,2349,7,2360
Texel,2012,6249,8,6281
Texel,2016,6470,32,6501
Texel,2020,6651,123,6770
Texel,2024,6980,170,7144
Teylingen,2012,14339,24,14346
Teylingen,2016,14952,122,15096
Teylingen,2020,16048,178,16286
Teylingen,2024,16781,38,16812
Tholen,2012,10352,110,10413
Tholen,2016,10626,103,10729
Tholen,2020,10983,116,11112
Tholen,2024,11370,92,11414
Tiel,2012,17320,82,17446
Tiel,2016,17682,196,17839
Tiel,2020,18080,158,18271
Tiel,2024,18722,7,18752
Tilburg,2012,90698,351,91012
Tilburg,2016,95779,522,96235
Tilburg,2020,100418,1177,101883
Tilburg,2024,106200,875,107237
Tubbergen,2012,7866,47,8045
Tubbergen,2016,8247,64,8348
Tubbergen,2020,8604,68,8720
Tubbergen,2024,8833,106,8940
Twenterand,2012,13097,20,13124
Twenterand,2016,13609,68,13621
Twenterand,2020,13819,54,13847
Twenterand,2024,14106,102,14192
Tynaarlo,2012,14119,81,13989
Tynaarlo,2016,13958,79,14119
Tynaarlo,2020,14500,91,14596
Tynaarlo,2024,14837,67,14910
Tytsjerksteradiel,2012,13621,48,13252
Tytsjerksteradiel,2016,13646,59,13730
Tytsjerksteradiel,2020,14044,49,14093
Tytsjerksteradiel,2024,14305,71,14377
Ubbergen,2012,4066,35,4212
Ubbergen,2016,,,
Ubbergen,2020,,,
Ubbergen,2024,,,
Uden,2012,17266,181,17472
Uden,2016,18110,144,18253
Uden,2020,19018,109,19107
Uden,2024,,,
Uitgeest,2012,5221,108,5327
Uitgeest,2016,5548,32,5606
Uitgeest,2020,5713,4,5728
Uitgeest,2024,5701,119,5832
Uithoorn,2012,12279,109,12393
Uithoorn,2016,12837,70,12771
Uithoorn,2020,12836,427,13264
Uithoorn,2024,13664,140,13801
Urk,2012,5375,0,5429
Urk,2016,6198,113,6309
Urk,2020,6663,106,6763
Urk,2024,7004,208,7213
Utrecht (gemeente),2012,142977,2648,145124
Utrecht (gemeente),2016,149322,1885,151409
Utrecht (gemeente),2020,156678,2424,159671
Utrecht (gemeente),2024,167124,1580,168736
Utrechtse Heuvelrug,2012,21205,5,21144
Utrechtse Heuvelrug,2016,21216,244,21516
Utrechtse Heuvelrug,2020,21821,43,21890
Utrechtse Heuvelrug,2024,22405,76,22489
Vaals,2012,5157,0,5192
Vaals,2016,5241,314,5555
Vaals,2020,5806,4,5822
Vaals,2024,5867,3,5875
Valkenburg aan de Geul,2012,7870,5,7878
Valkenburg aan de Geul,2016,8169,20,8182
Valkenburg aan de Geul,2020,8309,28,8337
Valkenburg aan de Geul,2024,8388,31,8400
Valkenswaard,2012,13931,13,13950
Valkenswaard,2016,14272,188,14444
Valkenswaard,2020,14805,73,14885
Valkenswaard,2024,15258,122,15353
Veendam,2012,12508,23,12553
Veendam,2016,12723,18,12756
Veendam,2020,12843,62,12906
Veendam,2024,13084,101,13169
Veenendaal,2012,24636,338,25457
Veenendaal,2016,26702,326,27055
Veenendaal,2020,28353,245,28607
Veenendaal,2024,29786,395,30164
Veere,2012,10548,15,10661
Veere,2016,10831,62,10884
Veere,2020,10967,52,10997
Veere,2024,11116,45,11163
Veghel,2012,15307,181,15315
Veghel,2016,15753,92,15839
Veghel,2020,,,
Veghel,2024,,,
Veldhoven,2012,18796,131,19061
Veldhoven,2016,19280,112,19395
Veldhoven,2020,19913,155,20085
Veldhoven,2024,20792,342,21138
Velsen,2012,29640,241,29798
Velsen,2016,30603,154,30820
Velsen,2020,31226,211,31439
Velsen,2024,31965,219,32231
Venlo,2012,46150,101,46199
Venlo,2016,46424,122,46691
Venlo,2020,47412,272,47809
Venlo,2024,48986,168,49137
Venray,2012,18121,231,18394
Venray,2016,18790,96,18883
Venray,2020,19137,136,19300
Venray,2024,19893,82,19995
Vianen,2012,8056,57,8117
Vianen,2016,8252,98,8346
Vianen,2020,,,
Vianen,2024,,,
Vijfheerenlanden,2012,,,
Vijfheerenlanden,2016,,,
Vijfheerenlanden,2020,23824,421,24196
Vijfheerenlanden,2024,25850,292,26158
Vlaardingen,2012,34339,104,34046
Vlaardingen,2016,34768,237,34901
Vlaardingen,2020,35470,207,35551
Vlaardingen,2024,36856,241,37117
Vlagtwedde,2012,7494,17,7503
Vlagtwedde,2016,7724,210,7856
Vlagtwedde,2020,,,
Vlagtwedde,2024,,,
Vlieland,2012,571,0,570
Vlieland,2016,540,1,542
Vlieland,2020,579,26,603
Vlieland,2024,642,0,643
Vlissingen,2012,21907,105,22154
Vlissingen,2016,22434,23,22488
Vlissingen,2020,22907,178,22885
Vlissingen,2024,23715,306,23995
Vlist,2012,3958,13,3954
Vlist,2016,,,
Vlist,2020,,,
Vlist,2024,,,
Voerendaal,2012,5439,65,5549
Voerendaal,2016,5733,30,5766
Voerendaal,2020,5819,1,5813
Voerendaal,2024,5872,10,5883
Voorne aan Zee,2012,,,
Voorne aan Zee,2016,,,
Voorne aan Zee,2020,,,
Voorne aan Zee,2024,33668,245,33926
Voorschoten,2012,10951,64,10975
Voorschoten,2016,11210,57,11367
Voorschoten,2020,11465,4,11504
Voorschoten,2024,11576,137,11650
Voorst,2012,9408,47,9443
Voorst,2016,10174,145,10447
Voorst,2020,10641,95,10744
Voorst,2024,10847,57,10929
Vught,2012,10619,76,10800
Vught,2016,11257,86,11349
Vught,2020,11519,129,11650
Vught,2024,14111,56,14176
Waadhoeke,2012,,,
Waadhoeke,2016,,,
Waadhoeke,2020,21228,150,21375
Waadhoeke,2024,21493,113,21596
Waalre,2012,7030,3,7035
Waalre,2016,7556,24,7551
Waalre,2020,7765,45,7832
Waalre,2024,8088,41,8116
Waalwijk,2012,20138,219,20338
Waalwijk,2016,20952,265,21242
Waalwijk,2020,21948,137,21996
Waalwijk,2024,22613,211,22783
Waddinxveen,2012,10398,125,10529
Waddinxveen,2016,11248,84,11339
Waddinxveen,2020,12332,393,12796
Waddinxveen,2024,13842,359,14206
Wageningen,2012,14486,306,18578
Wageningen,2016,19648,536,16836
Wageningen,2020,17721,341,18086
Wageningen,2024,18856,178,19040
Wassenaar,2012,12078,19,12100
Wassenaar,2016,12213,10,12220
Wassenaar,2020,12222,26,12287
Wassenaar,2024,12367,98,12461
Waterland,2012,7026,3,7033
Waterland,2016,7280,2,7241
Waterland,2020,7319,82,7411
Waterland,2024,7497,14,7510
Weert,2012,21276,242,21619
Weert,2016,22504,140,22402
Weert,2020,22948,274,23236
Weert,2024,23832,66,23912
Weesp,2012,8387,35,8421
Weesp,2016,8640,65,8748
Weesp,2020,9197,192,9386
Weesp,2024,,,
Werkendam,2012,10212,9,10200
Werkendam,2016,10520,97,10594
Werkendam,2020,,,
Werkendam,2024,,,
West Betuwe,2012,,,
West Betuwe,2016,,,
West Betuwe,2020,20875,135,20996
West Betuwe,2024,21607,238,21792
West Maas en Waal,2012,7520,122,7647
West Maas en Waal,2016,7960,63,7959
West Maas en Waal,2020,8222,159,8375
West Maas en Waal,2024,8711,129,8896
Westerkwartier,2012,,,
Westerkwartier,2016,,,
Westerkwartier,2020,27309,196,27494
Westerkwartier,2024,28055,199,28232
Westerveld,2012,8087,0,8235
Westerveld,2016,8312,31,8395
Westerveld,2020,8529,0,8553
Westerveld,2024,8806,60,8898
Westervoort,2012,6414,14,6427
Westervoort,2016,6578,36,6613
Westervoort,2020,6723,22,6744
Westervoort,2024,6816,0,6838
Westerwolde,2012,,,
Westerwolde,2016,,,
Westerwolde,2020,11982,10,11937
Westerwolde,2024,12005,42,12050
Westland,2012,40761,432,41185
Westland,2016,42622,583,43187
Westland,2020,45063,824,45956
Westland,2024,47590,589,48147
Weststellingwerf,2012,11210,16,11275
Weststellingwerf,2016,11495,58,11536
Weststellingwerf,2020,11711,78,11757
Weststellingwerf,2024,12033,38,12042
Westvoorne,2012,6484,4,6509
Westvoorne,2016,6732,27,6747
Westvoorne,2020,6890,61,6943
Westvoorne,2024,,,
Wierden,2012,9326,63,9409
Wierden,2016,9456,196,9645
Wierden,2020,9860,78,9930
Wierden,2024,10123,245,10369
Wijchen,2012,16920,260,17187
Wijchen,2016,17518,23,17535
Wijchen,2020,18023,171,18190
Wijchen,2024,18487,301,18807
Wijdemeren,2012,10182,155,10315
Wijdemeren,2016,10381,162,10583
Wijdemeren,2020,10691,84,10800
Wijdemeren,2024,10880,60,10980
Wijk bij Duurstede,2012,9337,106,9461
Wijk bij Duurstede,2016,9857,67,9934
Wijk bij Duurstede,2020,10107,145,10273
Wijk bij Duurstede,2024,10403,26,10437
Winsum,2012,5825,4,5890
Winsum,2016,6029,5,6021
Winsum,2020,,,
Winsum,2024,,,
Winterswijk,2012,12321,65,12685
Winterswijk,2016,12891,45,12933
Winterswijk,2020,13139,85,13245
Winterswijk,2024,13480,16,13515
Woensdrecht,2012,9226,5,9295
Woensdrecht,2016,9642,68,9779
Woensdrecht,2020,9866,33,9928
Woensdrecht,2024,10074,166,10216
Woerden,2012,20524,197,20720
Woerden,2016,21403,211,21625
Woerden,2020,22106,294,22437
Woerden,2024,23125,47,23206
De Wolden,2012,9573,26,9599
De Wolden,2016,10093,41,10084
De Wolden,2020,10370,83,10460
De Wolden,2024,10593,15,10604
Wormerland,2012,6520,4,6512
Wormerland,2016,6684,147,6764
Wormerland,2020,6971,9,6919
Wormerland,2024,7171,87,7277
Woudenberg,2012,4662,137,4821
Woudenberg,2016,4893,72,4963
Woudenberg,2020,5188,97,5286
Woudenberg,2024,5705,49,5744
Woudrichem,2012,5639,9,5704
Woudrichem,2016,5931,30,5995
Woudrichem,2020,,,
Woudrichem,2024,,,
Zaanstad,2012,65099,865,66110
Zaanstad,2016,66961,391,67476
Zaanstad,2020,68947,219,69114
Zaanstad,2024,70945,1545,72329
Zaltbommel,2012,10096,151,10336
Zaltbommel,2016,10985,75,11030
Zaltbommel,2020,11623,234,11852
Zaltbommel,2024,12160,150,12323
Zandvoort,2012,9204,28,9304
Zandvoort,2016,9450,28,9517
Zandvoort,2020,9708,2,9706
Zandvoort,2024,9828,70,9882
Zederik,2012,5279,76,5316
Zederik,2016,5500,77,5550
Zederik,2020,,,
Zederik,2024,,,
Zeevang,2012,2542,1,2548
Zeevang,2016,,,
Zeevang,2020,,,
Zeevang,2024,,,
Zeewolde,2012,7913,15,7959
Zeewolde,2016,8166,135,8305
Zeewolde,2020,8678,150,8837
Zeewolde,2024,9712,139,9858
Zeist,2012,26534,217,26976
Zeist,2016,27957,335,28251
Zeist,2020,29245,331,29638
Zeist,2024,30196,82,30260
Zevenaar,2012,14062,75,14507
Zevenaar,2016,14677,113,14795
Zevenaar,2020,19970,251,20227
Zevenaar,2024,20723,205,20924
Zijpe,2012,4807,24,4834
Zijpe,2016,,,
Zijpe,2020,,,
Zijpe,2024,,,
Zoetermeer,2012,53029,825,53868
Zoetermeer,2016,55377,383,55826
Zoetermeer,2020,56458,168,56421
Zoetermeer,2024,57653,678,58212
Zoeterwoude,2012,3204,1,3250
Zoeterwoude,2016,3365,158,3527
Zoeterwoude,2020,3532,202,3740
Zoeterwoude,2024,4142,439,4578
Zuidhorn,2012,7476,9,7474
Zuidhorn,2016,7789,21,7800
Zuidhorn,2020,,,
Zuidhorn,2024,,,
Zuidplas,2012,16175,201,16350
Zuidplas,2016,16787,232,17034
Zuidplas,2020,18031,472,18566
Zuidplas,2024,19285,418,19670
Zundert,2012,8972,40,9049
Zundert,2016,9197,107,9280
Zundert,2020,9472,126,9649
Zundert,2024,10085,107,10129
Zutphen,2012,20988,245,21324
Zutphen,2016,21698,102,21806
Zutphen,2020,22267,361,22651
Zutphen,2024,23592,98,23653
Zwartewaterland,2012,8352,62,8376
Zwartewaterland,2016,8648,59,8711
Zwartewaterland,2020,8942,53,9013
Zwartewaterland,2024,9232,75,9305
Zwijndrecht,2012,20154,54,20195
Zwijndrecht,2016,20411,67,20451
Zwijndrecht,2020,20537,154,20720
Zwijndrecht,2024,20831,57,20758
Zwolle,2012,53314,458,53978
Zwolle,2016,55473,523,56066
Zwolle,2020,58492,873,59491
Zwolle,2024,61187,445,61693
Bron: CBS,,,,